n,t_seconds,alpha,x,y,h,f_norm,step_frames
0,0.000000000,0.000000000,1.000000000,0.000000000,0.652294609,0.652294609,0
11,0.127709751,0.401212014,0.920588337,0.390534395,5.167476969,0.455422305,11
16,0.185759637,0.583581112,0.834494756,0.551015882,13.409043318,5.151078834,5
17,0.197369615,0.620054931,0.813846539,0.581079867,17.075895220,3.666851902,1
19,0.220589569,0.693002570,0.769331294,0.638850030,22.057320263,2.135360081,2
22,0.255419501,0.802424028,0.694965773,0.719042818,26.918369835,2.341894991,3
24,0.278639456,0.875371667,0.640711543,0.767781687,30.267221466,1.063556503,2
27,0.313469388,0.984793126,0.553035485,0.833157699,37.046548661,2.991549547,3
30,0.348299320,1.094214584,0.458744507,0.888568218,40.449760197,0.803247251,3
34,0.394739229,1.240109862,0.324692377,0.945819677,45.086195422,0.737537260,4
37,0.429569161,1.349531320,0.219463965,0.975620607,54.452722985,4.927692775,3
38,0.441179138,1.386005140,0.183741280,0.982974640,55.183679002,0.730956016,1
53,0.615328798,1.933112432,-0.354440922,0.935078410,60.075608827,0.227421955,15
57,0.661768707,2.079007710,-0.486615461,0.873616273,67.791710392,3.727347086,4
58,0.673378685,2.115481529,-0.518148873,0.855290445,71.130868865,3.339158472,1
60,0.696598639,2.188429168,-0.579106955,0.815251577,75.025764635,1.168989448,2
67,0.777868481,2.443745905,-0.766227575,0.642569298,82.115906502,3.654149974,7
68,0.789478458,2.480219724,-0.789149721,0.614200878,88.081750083,5.965843582,1
69,0.801088435,2.516693543,-0.811022146,0.585015452,91.849940767,3.768190683,1
71,0.824308390,2.589641182,-0.851502890,0.524349910,96.747091719,1.912883023,2
74,0.859138322,2.699062641,-0.903671136,0.428227133,100.377146359,0.450988897,3
78,0.905578231,2.844957919,-0.956325581,0.292303579,106.459316383,2.951351922,4
80,0.928798186,2.917905558,-0.975086184,0.221826359,110.178497640,1.401278070,2
93,1.079727891,3.392065211,-0.968795401,-0.247861798,115.218341460,0.314439936,13
98,1.137777778,3.574434308,-0.907777479,-0.419452082,121.915128528,2.359589851,5
101,1.172607710,3.683855766,-0.856542938,-0.516075765,125.086485938,0.895893155,3
105,1.219047619,3.829751044,-0.772416959,-0.635115770,133.104867386,3.134299015,4
106,1.230657596,3.866224864,-0.748743266,-0.662860107,135.755741349,2.650873963,1
109,1.265487528,3.975646322,-0.671878894,-0.740661023,140.907848894,0.998062331,3
113,1.311927438,4.121541600,-0.557064946,-0.830468931,145.616843445,1.032071806,4
116,1.346757370,4.230963059,-0.463043491,-0.886335560,154.621562036,4.967723891,3
117,1.358367347,4.267436878,-0.430414647,-0.902631282,156.704652047,2.083090011,1
126,1.462857143,4.595701253,-0.116423104,-0.993199709,160.007698227,0.607875791,9
135,1.567346939,4.923965628,0.210001651,-0.977701031,165.365628080,3.367365024,9
136,1.578956916,4.960439448,0.245514564,-0.969392902,170.515998410,5.150370330,1
138,1.602176871,5.033387087,0.315513842,-0.948920974,176.761419308,2.773336074,2
140,1.625396825,5.106334726,0.383834902,-0.923401737,180.196116667,1.576202407,2
145,1.683446712,5.288703823,0.544937726,-0.838476520,185.038233381,1.843316106,5
148,1.718276644,5.398125282,0.633243046,-0.773952999,191.550622051,1.956814964,3
151,1.753106576,5.507546740,0.713974073,-0.700172138,195.135115394,1.126167121,3
156,1.811156463,5.689915837,0.829117236,-0.559074780,203.239506950,4.170467788,5
160,1.857596372,5.835811115,0.901586133,-0.432599636,205.148180364,0.181556223,4
175,2.031746032,6.382918407,0.995030775,0.099567847,211.998485505,2.319191602,15
177,2.054965986,6.455866046,0.985127692,0.171823834,216.424331839,2.714238733,2
179,2.078185941,6.528813685,0.969984716,0.243165890,220.082743668,1.136199263,2
184,2.136235828,6.711182783,0.909798721,0.415049741,226.348606483,1.401421334,5
186,2.159455782,6.784130421,0.877129058,0.480254740,231.115860272,2.618054115,2
191,2.217505669,6.966499519,0.775484499,0.631366607,236.177746995,1.243169342,5
194,2.252335601,7.075920977,0.701899392,0.712276100,240.083095941,0.894895778,3
196,2.275555556,7.148868616,0.648119901,0.761538308,247.098675613,3.619164685,2
198,2.298775510,7.221816255,0.590893061,0.806749893,251.166770057,1.895274574,2
205,2.380045351,7.477132991,0.367992078,0.929828925,255.554077417,0.561421710,7
216,2.507755102,7.878345006,-0.024360961,0.999703228,261.261130004,2.033610738,11
218,2.530975057,7.951292645,-0.097157503,0.995269019,265.933485503,2.028236972,2
224,2.600634921,8.170135561,-0.310913415,0.950438240,271.148155358,1.307299661,6
226,2.623854875,8.243083200,-0.379357292,0.925250261,276.570189039,3.415876344,2
227,2.635464853,8.279557020,-0.412844912,0.910801339,281.070592803,4.500403763,1
229,2.658684807,8.352504659,-0.478128848,0.878289704,286.034068238,2.169557345,2
232,2.693514739,8.461926117,-0.571181451,0.820823824,290.101355197,0.481549245,3
236,2.739954649,8.607821395,-0.684443239,0.729066151,295.195234364,2.137834126,4
252,2.925714286,9.191402507,-0.972891322,0.231262785,300.075123965,0.401091490,16
255,2.960544218,9.300823965,-0.992327535,0.123636822,308.241841733,4.648299526,3
256,2.972154195,9.337297784,-0.996176049,0.087368641,311.053621951,2.811780218,1
258,2.995374150,9.410245423,-0.999894405,0.014532026,315.545933569,1.741862286,2
262,3.041814059,9.556140701,-0.991384315,-0.130985263,320.852327955,1.591335952,4
265,3.076643991,9.665562160,-0.971151270,-0.238464275,327.368587416,3.188661974,3
266,3.088253968,9.702035979,-0.961809587,-0.273719417,330.101508762,2.732921346,1
271,3.146303855,9.884405076,-0.896217977,-0.443613952,335.499094271,1.936820712,5
274,3.181133787,9.993826535,-0.842414014,-0.538830798,340.064156813,2.233111364,3
276,3.204353741,10.066774174,-0.800902031,-0.598795404,345.576208780,2.350722202,2
279,3.239183673,10.176195632,-0.730721794,-0.682675369,350.492358251,1.319613972,3
293,3.401723356,10.686829105,-0.303863392,-0.952715613,355.000100619,0.231198114,14
296,3.436553288,10.796250563,-0.198006490,-0.980200709,362.059065343,2.969038318,3
297,3.448163265,10.832724383,-0.162131060,-0.986769233,365.101272474,3.042207132,1
303,3.517823129,11.051567299,0.055963758,-0.998432801,370.360629743,1.109480458,6
307,3.564263039,11.197462577,0.200519625,-0.979689686,376.488845513,2.536687348,4
308,3.575873016,11.233936397,0.236111363,-0.971726003,380.073659589,3.584814076,1
313,3.633922902,11.416305494,0.408428001,-0.912790539,386.057836336,1.195856859,5
315,3.657142857,11.489253133,0.473868662,-0.880595532,392.905042446,4.023487951,2
321,3.726802721,11.708096050,0.653744105,-0.756715697,395.113208443,0.347367231,6
333,3.866122449,12.145781884,0.912848721,-0.408297946,400.844630832,1.884931107,12
335,3.889342404,12.218729523,0.940178963,-0.340680962,407.764462019,3.039490678,2
336,3.900952381,12.255203342,0.951976835,-0.306170061,410.530680494,2.766218475,1
339,3.935782313,12.364624800,0.979718245,-0.200380041,415.173934904,1.285563268,3
342,3.970612245,12.474046259,0.995741133,-0.092193253,420.188667128,1.084116658,3
345,4.005442177,12.583467717,0.999853848,0.017096270,426.825674817,2.973167151,3
348,4.040272109,12.692889176,0.992007197,0.126181302,430.395699252,0.900492556,3
353,4.098321995,12.875258273,0.952672310,0.303999128,435.294746217,1.022991101,5
355,4.121541950,12.948205912,0.927982323,0.372624220,443.937790245,4.882305058,2
357,4.144761905,13.021153551,0.898356398,0.439267324,445.248277076,0.470494473,2
373,4.330521542,13.604734662,0.507630431,0.861574922,450.156604700,0.620696985,16
375,4.353741497,13.677682301,0.443486258,0.896281172,456.140109462,3.450906926,2
377,4.376961451,13.750629940,0.376983183,0.926220103,462.009523237,2.592152314,2
383,4.446621315,13.969472857,0.166909226,0.985972267,465.342018980,0.659925222,6
385,4.469841270,14.042420496,0.094604754,0.995514912,470.260827358,3.816668629,2
386,4.481451247,14.078894316,0.058239652,0.998302631,476.018053547,5.757226189,1
388,4.504671202,14.151841954,-0.014674487,0.999892324,481.424983898,2.095211375,2
391,4.539501134,14.261263413,-0.123778204,0.992309909,486.698233617,1.845498394,3
395,4.585941043,14.407158691,-0.266723485,0.963773097,490.592397116,2.084536281,4
397,4.609160998,14.480106330,-0.336256770,0.941770346,495.260428099,2.115009442,2
405,4.702040816,14.771896885,-0.592960079,0.805231858,500.063458744,0.263315364,8
415,4.818140590,15.136635080,-0.841183500,0.540749775,506.043540869,1.290163422,10
418,4.852970522,15.246056539,-0.895204380,0.445655829,510.893052748,0.899773276,3
422,4.899410431,15.391951816,-0.950482528,0.310777997,516.435431801,1.754813148,4
424,4.922630385,15.464899455,-0.970605141,0.240677504,521.904024527,2.469372802,2
426,4.945850340,15.537847094,-0.985565106,0.169296847,525.086620892,0.985331926,2
432,5.015510204,15.756690011,-0.998813087,-0.048707464,530.608898526,1.304054185,6
434,5.038730159,15.829637650,-0.992606800,-0.121374380,537.921035844,4.427098075,2
436,5.061950113,15.902585289,-0.981120839,-0.193395706,540.395730192,0.582775922,2
447,5.189659864,16.303797303,-0.827680727,-0.561199265,545.033608743,0.375663860,11
454,5.270929705,16.559114039,-0.659118157,-0.752039397,553.467528261,4.499694219,7
455,5.282539683,16.595587859,-0.631256112,-0.775574446,557.013466425,3.545938163,1
457,5.305759637,16.668535498,-0.573051126,-0.819519619,561.471074106,1.754752540,2
462,5.363809524,16.850904595,-0.414920113,-0.909857846,565.739134750,0.838463460,5
464,5.387029478,16.923852234,-0.347503501,-0.937678685,570.237044684,2.521334707,2
468,5.433469388,17.069747512,-0.207493585,-0.978236379,576.273072062,1.316252740,4
473,5.491519274,17.252116609,-0.026639833,-0.999645097,581.448153931,2.640391927,5
474,5.503129252,17.288590429,0.009830676,-0.999951678,586.046197620,4.598043689,1
483,5.607619048,17.616854804,0.331690738,-0.943388178,590.013868938,0.321725400,9
493,5.723718821,17.981592999,0.646382205,-0.763013791,595.114542303,2.239365254,10
496,5.758548753,18.091014457,0.725840056,-0.687863514,601.756204322,2.101224217,3
499,5.793378685,18.200435916,0.796616051,-0.604485622,605.791455590,1.700955067,3
503,5.839818594,18.346331194,0.876031985,-0.482253006,611.698451000,1.929670113,4
505,5.863038549,18.419278832,0.908850204,-0.417122651,616.217572454,1.974744365,2
510,5.921088435,18.601647930,0.969427872,-0.245376447,621.240009319,1.275375800,5
513,5.955918367,18.711069388,0.990426056,-0.138044296,626.356138378,3.675232923,3
514,5.967528345,18.747543208,0.994801214,-0.101835872,630.721640362,4.365501984,1
523,6.072018141,19.075807583,0.974514090,0.224326299,635.364799543,0.413177573,9
534,6.199727891,19.477019597,0.809519170,0.587093445,641.415356875,2.100242542,11
536,6.222947846,19.549967236,0.764577147,0.644532223,647.469924719,2.871801403,2
540,6.269387755,19.695862514,0.662753423,0.748837700,650.478932376,0.661831146,4
545,6.327437642,19.878231611,0.515953723,0.856616458,659.829196513,5.381992644,5
546,6.339047619,19.914705431,0.484373417,0.874861356,662.610997188,2.781800675,1
548,6.362267574,19.987653070,0.419322742,0.907837231,665.685984623,1.465883942,2
554,6.431927438,20.206495987,0.212229884,0.977219769,672.325222296,2.487218061,6
560,6.501587302,20.425338903,-0.004986634,0.999987567,675.103989292,0.870387682,6
572,6.640907029,20.863024737,-0.428355880,0.903610115,680.579893187,1.865299757,12
575,6.675736961,20.972446195,-0.524471223,0.851428174,687.439525687,2.447516416,3
577,6.698956916,21.045393834,-0.585130997,0.810938787,690.054077643,1.042838857,2
581,6.745396825,21.191289112,-0.696807518,0.717258171,696.183009944,1.489778747,4
583,6.768616780,21.264236751,-0.747230257,0.664565229,702.197621274,3.529487391,2
585,6.791836735,21.337184390,-0.793678479,0.608337466,705.878363810,0.973961075,2
591,6.861496599,21.556027307,-0.906818932,0.421520373,710.466390888,1.302119519,6
593,6.884716553,21.628974946,-0.935128900,0.354307692,716.788669690,4.155679800,2
595,6.907936508,21.701922585,-0.958464918,0.285210449,721.857220254,2.440913471,2
600,6.965986395,21.884291682,-0.994296233,0.106653653,725.411054274,0.845302055,5
610,7.082086168,22.249029877,-0.966932485,-0.255032488,730.219267143,0.472742094,10
614,7.128526077,22.394925155,-0.919583760,-0.392894017,737.333873203,2.915182775,4
615,7.140136054,22.431398974,-0.904644980,-0.426166001,740.058505916,2.724632713,1
621,7.209795918,22.650241891,-0.790547810,-0.612400327,745.180385234,0.854610573,6
624,7.244625850,22.759663349,-0.718943795,-0.695068212,750.109959267,2.301621286,3
627,7.279455782,22.869084808,-0.638740412,-0.769422307,757.009619360,2.119249292,3
631,7.325895692,23.014980086,-0.520097257,-0.854107045,760.050586594,0.245306003,4
633,7.349115646,23.087927725,-0.456464209,-0.889741775,765.778901369,3.523998250,2
642,7.453605442,23.416192100,-0.145237291,-0.989396851,770.087637889,0.267772739,9
651,7.558095238,23.744456475,0.181500002,-0.983390944,775.307809159,2.421774616,9
652,7.569705215,23.780930295,0.217239358,-0.976118364,780.405765072,5.097955914,1
654,7.592925170,23.853877934,0.287804005,-0.957689331,786.843138891,2.971347496,2
656,7.616145125,23.926825572,0.356837823,-0.934166349,790.391604092,1.287365672,2
659,7.650975057,24.036247031,0.456717724,-0.889611668,795.765784886,1.977661967,3
662,7.685804989,24.145668489,0.551134772,-0.834416241,800.496920030,2.401477248,3
664,7.709024943,24.218616128,0.610483755,-0.792028778,805.049185789,1.591966082,2
669,7.767074830,24.400985226,0.744002229,-0.668177135,810.659108110,1.443809769,5
672,7.801904762,24.510406684,0.812519787,-0.582933611,816.797297297,4.122775061,3
673,7.813514739,24.546880503,0.833236485,-0.552916775,821.244249591,4.446952294,1
681,7.906394558,24.838671059,0.957072067,-0.289850061,825.039920040,0.746039184,8
692,8.034104308,25.239883073,0.994265801,0.106936975,830.789556467,3.080638529,11
694,8.057324263,25.312830712,0.983827669,0.179117611,837.709851897,3.206281456,2
695,8.068934240,25.349304532,0.976641674,0.214874477,840.339123095,2.629271198,1
702,8.150204082,25.604621268,0.890715269,0.454561668,845.053435439,1.179387900,7
704,8.173424036,25.677568907,0.855216613,0.518270726,854.564405637,5.701366217,2
705,8.185034014,25.714042727,0.835748690,0.549112127,857.951226689,3.386821052,1
706,8.196643991,25.750516546,0.815169060,0.579223103,860.216115831,2.264889142,1
709,8.231473923,25.859938004,0.747040857,0.664778127,866.057220867,2.026615801,3
713,8.277913832,26.005833282,0.642460122,0.766319118,870.344474178,2.032646329,4
715,8.301133787,26.078780921,0.584899895,0.811105488,875.344881832,2.265868222,2
723,8.394013605,26.370571477,0.326847635,0.945077046,880.122549644,0.159296850,8
733,8.510113379,26.735309672,-0.031766771,0.999495309,886.106747723,1.269074487,10
736,8.544943311,26.844731130,-0.140724912,0.990048736,890.765036164,0.921403339,3
740,8.591383220,26.990626408,-0.283161428,0.959072263,896.372453302,1.790016191,4
742,8.614603175,27.063574047,-0.352308385,0.935883968,902.012186999,2.526141273,2
744,8.637823129,27.136521686,-0.419581415,0.907717708,905.521387929,1.098674243,2
750,8.707482993,27.355364603,-0.606639877,0.794976766,911.170811080,1.293686786,6
752,8.730702948,27.428312242,-0.662966779,0.748648817,918.131102139,4.184669133,2
753,8.742312925,27.464786061,-0.689825870,0.723975324,920.445213481,2.314111341,1
756,8.777142857,27.574207520,-0.764760776,0.644314330,925.991592453,1.417747490,3
763,8.858412698,27.829524256,-0.902692597,0.430286039,931.186576863,1.856676495,7
765,8.881632653,27.902471895,-0.931652406,0.363350786,938.133806436,3.762990037,2
766,8.893242630,27.938945714,-0.944282621,0.329135735,940.480733842,2.346927407,1
770,8.939682540,28.084840992,-0.982099881,0.188360887,945.176009141,0.550394380,4
772,8.962902494,28.157788631,-0.993216286,0.116281595,954.292572616,5.574328500,2
773,8.974512472,28.194262451,-0.996795995,0.079985897,958.082184925,3.789612309,1
774,8.986122449,28.230736270,-0.999049775,0.043583802,961.077406077,2.995221153,1
777,9.020952381,28.340157728,-0.997834393,-0.065776323,966.028002588,1.574961607,3
781,9.067392290,28.486053006,-0.977671101,-0.210140947,972.675623461,2.849607011,4
782,9.079002268,28.522526826,-0.969357912,-0.245652677,976.190508473,3.514885012,1
785,9.113832200,28.631948284,-0.936734545,-0.350040559,980.794780076,1.331078063,3
791,9.183492063,28.850791201,-0.838398871,-0.545057183,986.633396073,2.868449921,6
792,9.195102041,28.887265020,-0.817965346,-0.575267497,991.119849257,4.486453184,1
802,9.311201814,29.252003215,-0.558956645,-0.829196882,995.029926935,0.175583193,10
812,9.427301587,29.616741410,-0.226408456,-0.974032449,1001.606557720,1.845094115,10
814,9.450521542,29.689689049,-0.154815956,-0.987943328,1006.351334441,2.284400634,2
818,9.496961451,29.835584327,-0.009545737,-0.999954438,1010.624837337,1.222798608,4
822,9.543401361,29.981479605,0.135927306,-0.990718814,1016.098485911,1.391933192,4
824,9.566621315,30.054427243,0.207772326,-0.978177213,1022.147795185,3.174238390,2
826,9.589841270,30.127374882,0.278512206,-0.960432690,1026.143033929,1.694166404,2
830,9.636281179,30.273270160,0.415179362,-0.909739577,1030.090984408,0.664855142,4
832,9.659501134,30.346217799,0.480379705,-0.877060624,1036.695323470,3.499519445,2
834,9.682721088,30.419165438,0.543024909,-0.839716588,1041.099826841,2.085703867,2
840,9.752380952,30.638008355,0.712376097,-0.701797903,1045.000873959,0.262297427,6
852,9.891700680,31.075694189,0.942677155,-0.333706130,1051.496181676,2.025427523,12
854,9.914920635,31.148641828,0.964491596,-0.264113538,1056.246956724,1.986442606,2
858,9.961360544,31.294537105,0.992641346,-0.121091530,1060.156135112,0.330766638,4
860,9.984580499,31.367484744,0.998826926,-0.048422848,1065.066392619,3.122339480,2
862,10.007800454,31.440432383,0.999699747,0.024503395,1072.803200725,3.859164322,2
863,10.019410431,31.476906203,0.998141316,0.060941882,1075.628246858,2.825046133,1
869,10.089070295,31.695749120,0.961104453,0.276185137,1080.122472645,0.652244476,6
872,10.123900227,31.805170578,0.925196202,0.379489114,1085.727836465,2.373438145,3
885,10.274829932,32.279330231,0.649854229,0.760058867,1090.035152278,0.423582046,13
891,10.344489796,32.498173148,0.469345759,0.883014472,1099.256826173,4.651532064,6
892,10.356099773,32.534646967,0.436833829,0.899542220,1102.031373207,2.774547033,1
894,10.379319728,32.607594606,0.370110771,0.928987630,1106.562921908,1.766668020,2
898,10.425759637,32.753489884,0.231124169,0.972924261,1111.151698700,1.497071603,4
901,10.460589569,32.862911343,0.123495439,0.992345140,1115.308665957,1.430696071,3
904,10.495419501,32.972332801,0.014389565,0.999896465,1122.608568215,2.867204233,3
905,10.507029478,33.008806621,-0.022081963,0.999756164,1125.233361413,2.624793198,1
907,10.530249433,33.081754260,-0.094888424,0.995487914,1130.372034789,2.487686965,2
911,10.576689342,33.227649537,-0.238602639,0.971117285,1136.870807910,3.152575057,4
913,10.599909297,33.300597176,-0.308745977,0.951144533,1141.612009078,2.252911994,2
916,10.634739229,33.410018635,-0.410767566,0.911740098,1145.617576827,0.814935874,3
930,10.797278912,33.920652107,-0.803962783,0.594679615,1150.438494491,1.213561474,14
932,10.820498866,33.993599746,-0.845166654,0.534502878,1155.501005658,2.973222883,2
934,10.843718821,34.066547385,-0.881875086,0.471483121,1160.097530179,1.641655527,2
939,10.901768707,34.248916483,-0.952758896,0.303727650,1167.098372535,3.085894067,5
940,10.913378685,34.285390302,-0.963200872,0.268782590,1171.425238958,4.326866423,1
942,10.936598639,34.358337941,-0.980228910,0.197866833,1175.688146316,1.749907191,2
948,11.006258503,34.577180858,-0.999806716,-0.019660402,1180.657176317,0.786878509,6
950,11.029478458,34.650128497,-0.995714822,-0.092476987,1185.480426086,3.504578741,2
952,11.052698413,34.723076136,-0.986326723,-0.164801687,1190.225280282,0.708899122,2
966,11.215238095,35.233709608,-0.779962509,-0.625826242,1195.166416978,0.285328260,14
970,11.261678005,35.379604886,-0.680694776,-0.732567145,1201.596640483,3.802436820,4
972,11.284897959,35.452552525,-0.625492807,-0.780229933,1207.260982530,2.630240326,2
974,11.308117914,35.525500164,-0.566963843,-0.823742679,1210.491265011,1.295839324,2
977,11.342947846,35.634921622,-0.473617716,-0.880730526,1215.980678265,2.044137176,3
980,11.377777778,35.744343081,-0.374606593,-0.927183855,1220.109072313,1.347970978,3
983,11.412607710,35.853764539,-0.271114759,-0.962547031,1226.006601823,1.668808167,3
987,11.459047619,35.999659817,-0.128301068,-0.991735265,1230.001791562,0.306510262,4
991,11.505487528,36.145555095,0.017238725,-0.999851402,1239.816258871,5.017012691,4
992,11.517097506,36.182028914,0.053687574,-0.998557782,1240.563817286,0.747558415,1
1008,11.702857143,36.765610026,0.595023196,-0.803708527,1245.236456082,0.397835660,16
1011,11.737687075,36.875031484,0.679232199,-0.733923443,1251.888296014,3.498395861,3
1012,11.749297052,36.911505304,0.705543501,-0.708666613,1255.164889535,3.276593521,1
1016,11.795736961,37.057400582,0.801072626,-0.598567162,1260.293654552,0.593900936,4
1020,11.842176871,37.203295860,0.879580799,-0.475749533,1267.394545996,2.689693035,4
1021,11.853786848,37.239769679,0.896344349,-0.443358555,1271.648697210,4.254151214,1
1022,11.865396825,37.276243499,0.911915588,-0.410377826,1276.085503257,4.436806047,1
1027,11.923446712,37.458612596,0.971219181,-0.238187534,1281.549613277,2.021223026,5
1031,11.969886621,37.604507874,0.995528381,-0.094462916,1285.655479711,1.820883532,4
1033,11.993106576,37.677455513,0.999765511,-0.021654638,1290.247847778,1.938837640,2
1043,12.109206349,38.042193707,0.941722428,0.336390946,1295.316209357,0.365337150,10
1051,12.202086168,38.333984263,0.805147367,0.593074799,1300.934969252,1.370681295,8
1054,12.236916100,38.443405722,0.735566450,0.677452580,1305.549477385,0.892981084,3
1058,12.283356009,38.589301000,0.629265027,0.777190791,1310.210326046,1.476408304,4
1062,12.329795918,38.735196277,0.509593168,0.860415483,1315.490956498,1.605057602,4
1064,12.353015873,38.808143916,0.445528279,0.895267866,1320.842503147,2.815886783,2
1069,12.411065760,38.990513014,0.275774310,0.961222415,1326.560795331,2.259298657,5
1070,12.422675737,39.026986833,0.240539213,0.970639422,1330.972726925,4.411931594,1
1077,12.503945578,39.282303569,-0.012395082,0.999923178,1335.696639546,0.831588793,7
1089,12.643265306,39.719989403,-0.435038679,0.900411766,1341.908412352,2.863549139,12
1090,12.654875283,39.756463223,-0.467583511,0.883948901,1346.543118500,4.634706148,1
1092,12.678095238,39.829410862,-0.530764785,0.847519170,1352.542783860,2.607813364,2
1094,12.701315193,39.902358500,-0.591122922,0.806581485,1355.560690233,1.363224065,2
1098,12.747755102,40.048253778,-0.702102328,0.712076064,1361.196736770,2.117525606,4
1100,12.770975057,40.121201417,-0.752133298,0.659011003,1367.230116076,3.163711573,2
1102,12.794195011,40.194149056,-0.798163672,0.602440663,1370.158259300,0.873190137,2
1109,12.875464853,40.449465793,-0.924437409,0.381333812,1376.909892534,2.883029751,7
1110,12.887074830,40.485939612,-0.937728187,0.347369901,1381.388059625,4.478167090,1
1118,12.979954649,40.777730168,-0.998017772,0.062932714,1385.163012712,0.520668367,8
1129,13.107664399,41.178942182,-0.943340910,-0.331825145,1390.777402713,2.413986999,11
1131,13.130884354,41.251889821,-0.916647697,-0.399696133,1395.525072700,2.838417314,2
1134,13.165714286,41.361311279,-0.867517522,-0.497406624,1400.236323527,1.235178487,3
1137,13.200544218,41.470732738,-0.808010870,-0.589167577,1405.235329976,1.530546529,3
1141,13.246984127,41.616628016,-0.713774528,-0.700375558,1412.055872001,2.467364086,4
1143,13.270204082,41.689575654,-0.660830802,-0.750534910,1415.143749302,0.849025598,2
1149,13.339863946,41.908418571,-0.482128188,-0.876100685,1421.810508056,3.437609138,6
1150,13.351473923,41.944892391,-0.449859873,-0.893099152,1426.299840421,4.489332365,1
1157,13.432743764,42.200209127,-0.209723045,-0.977760832,1430.091329859,0.420520839,7
1171,13.595283447,42.710842600,0.294891317,-0.955530801,1435.201052011,1.592682424,14
1179,13.688163265,43.002633155,0.557301567,-0.830310161,1440.460008379,0.549710961,8
1189,13.804263039,43.367371350,0.816816255,-0.576897916,1445.341674904,1.385900450,10
1198,13.908752834,43.695635725,0.959193206,-0.282751468,1450.015638604,0.433328815,9
1211,14.059682540,44.169795378,0.982473643,0.186401556,1455.532351385,0.564052959,13
1224,14.210612245,44.643955032,0.788974671,0.614425722,1460.077654163,0.237354383,13
1230,14.280272109,44.862797948,0.636765080,0.771057866,1465.106534455,1.788007369,6
1236,14.349931973,45.081640865,0.454180910,0.890909480,1470.560860896,0.561229020,6
1249,14.500861678,45.555800518,-0.002707038,0.999996336,1475.835037772,1.033612091,13
1258,14.605351474,45.884064894,-0.324961877,0.945727116,1480.469097663,0.636485005,9
1270,14.744671202,46.321750727,-0.695170637,0.718844758,1485.449545034,0.667961079,12
1282,14.883990930,46.759436561,-0.934318786,0.356438502,1490.289316525,0.541373526,12
1290,14.976870748,47.051227117,-0.997361228,0.072598763,1497.487919773,2.534297719,8
1292,15.000090703,47.124174756,-0.999999959,-0.000284952,1500.249378074,0.818931987,2
1307,15.174240363,47.671282048,-0.853884663,-0.520462278,1505.089667557,0.273192784,15
1317,15.290340136,48.036020242,-0.612062369,-0.790809495,1510.386980411,0.639796404,10
1331,15.452879819,48.546653715,-0.147492354,-0.989063196,1515.027341477,0.107455268,14
1346,15.627029478,49.093761007,0.388566080,-0.921420860,1520.043363039,0.259916436,15
1350,15.673469388,49.239656285,0.518392568,-0.855142763,1525.036203329,2.535547284,4
1354,15.719909297,49.385551563,0.637204405,-0.770694847,1530.067954886,0.327452360,4
1374,15.952108844,50.115027952,0.988703055,-0.149887519,1535.160607705,0.197922852,20
1389,16.126258503,50.662135244,0.922359298,0.386333179,1540.725593421,1.136905924,15
1406,16.323628118,51.282190175,0.526168490,0.850380339,1545.001687614,0.359567960,17
1410,16.370068027,51.428085453,0.396951745,0.917839481,1550.692185812,2.798064620,4
1419,16.474557823,51.756349828,0.079843877,0.996807381,1555.054312032,0.092461867,9
1430,16.602267574,52.157561842,-0.315784226,0.948831030,1560.372485102,0.415269570,11
1448,16.811247166,52.814090593,-0.829276511,0.558838499,1565.548661302,0.944562281,18
1467,17.031836735,53.507093163,-0.995002363,-0.099851378,1570.307928736,0.750350790,19
1471,17.078276644,53.652988441,-0.969915386,-0.243442279,1575.497781463,0.963758173,4
1488,17.275646259,54.273043372,-0.647902873,-0.761722959,1580.414638073,0.784493541,17
1498,17.391746032,54.637781566,-0.333571817,-0.942724691,1585.064022233,0.217861938,10
1511,17.542675737,55.111941220,0.133668498,-0.991026101,1590.164917218,0.210727179,13
1528,17.740045351,55.731996151,0.684650959,-0.728871089,1595.460546968,0.737706688,17
1541,17.890975057,56.206155804,0.941913985,-0.335854200,1600.248915503,0.262356587,13
1548,17.972244898,56.461472540,0.996200904,-0.087084776,1605.167845551,1.709252661,7
1551,18.007074830,56.570893998,0.999753007,0.022224404,1611.183283630,1.358997498,3
1567,18.192834467,57.154475110,0.822042642,0.569425934,1615.112023123,0.628098641,16
1586,18.413424036,57.847477680,0.268645355,0.963239157,1620.475897056,0.654592646,19
1593,18.494693878,58.102794416,0.016668903,0.999861064,1625.119427252,0.396170473,7
1608,18.668843537,58.649901708,-0.505910872,0.862585758,1630.976092100,1.960125027,15
1611,18.703673469,58.759323167,-0.597082400,0.802179910,1635.269150549,0.825391185,3
1627,18.889433107,59.342904278,-0.940276002,0.340413042,1640.197347584,1.463588063,16
1647,19.121632653,60.072380667,-0.927876105,-0.372888635,1645.616537044,0.853587295,20
1664,19.319002268,60.692435598,-0.538470678,-0.842644248,1650.241750471,0.325704895,17
1669,19.377052154,60.874804696,-0.376719239,-0.926327488,1657.045826199,2.333031707,5
1677,19.469931973,61.166595252,-0.094321076,-0.995541830,1660.063019172,0.096584468,8
1693,19.655691610,61.750176363,0.469848916,-0.882746847,1665.016415765,0.445432206,16
1711,19.864671202,62.406705114,0.910977717,-0.412455573,1670.256117509,0.304119416,18
1718,19.945941043,62.662021850,0.985613307,-0.169016002,1673.230942549,0.498138588,7
